completion_given_click_rate,precision@k,recall@k,ndcg@k,ctr,completion_rate,coverage,diversity,novelty
0.1,0.375,0.8379166666666666,0.7313852031825725,0.2075,0.03,0.9861111111111112,0.5358333333333334,0.7805773662572736
0.2,0.365,0.7616666666666666,0.6175132389207993,0.215,0.045000000000000005,0.9861111111111112,0.5241666666666667,0.781523368054858
0.4,0.37,0.7470833333333333,0.6610507498446252,0.2175,0.08499999999999999,0.9861111111111112,0.5275,0.7880742531312037
0.6,0.38,0.7666666666666667,0.6847873378717523,0.2125,0.1025,0.9930555555555556,0.5416666666666666,0.7790068613757428
0.8,0.28,0.7708333333333334,0.6780916318795853,0.15750000000000003,0.1025,0.9722222222222223,0.5245833333333334,0.7895736305059896
0.95,0.375,0.7541666666666665,0.7268606535916331,0.2125,0.16,0.9791666666666667,0.5304166666666666,0.781523368054858
