click_rate,precision@k,recall@k,ndcg@k,ctr,completion_rate,coverage,diversity,novelty
0.1,0.0,0.0,0.0,0.0,0.0,0.7,0.6333333333333333,0.48798010178966444
0.2,0.13333333333333333,0.25,0.20802792108518126,0.12000000000000001,0.04,0.725,0.6166666666666666,0.45144017421299343
0.4,0.2,0.4666666666666667,0.43472668887613064,0.16,0.06,0.75,0.5944444444444446,0.4521708699483955
0.6,0.39999999999999997,0.9,0.8419720789148188,0.24,0.06,0.8,0.6388888888888888,0.46557180723497277
0.8,0.43333333333333335,1.0,0.9919720789148188,0.26,0.14,0.75,0.5777777777777777,0.49230535628525873
0.9,0.39999999999999997,0.775,0.7408196386049503,0.26,0.12,0.775,0.6222222222222222,0.48853625954218943
