click_rate,precision@k,recall@k,ndcg@k,ctr,completion_rate,coverage,diversity,novelty
0.1,0.07999999999999999,0.275,0.1865523969873566,0.05500000000000001,0.0125,0.9861111111111112,0.5275,0.7840398747339731
0.2,0.1,0.31666666666666665,0.19487975786472636,0.07750000000000001,0.017499999999999998,0.9722222222222223,0.5325,0.7841294965840473
0.4,0.28,0.7541666666666667,0.5889276596936379,0.16499999999999998,0.06999999999999999,0.9722222222222223,0.52125,0.7840398747339732
0.6,0.33999999999999997,0.8104166666666667,0.7107163812170537,0.185,0.09500000000000001,0.9861111111111112,0.54125,0.7789172395256687
0.8,0.40499999999999997,0.8045833333333332,0.7814813531474,0.235,0.1025,0.9722222222222223,0.5354166666666667,0.7858607508223971
0.9,0.48000000000000004,0.8141666666666666,0.7827163453776047,0.265,0.11750000000000002,0.9861111111111112,0.5295833333333333,0.7834864991567715
