model_quality,precision@k,recall@k,ndcg@k,ctr,completion_rate,coverage,diversity,novelty
0.15,0.23,0.7125,0.6822990255816658,0.13,0.065,1.0,0.5520833333333334,0.7999796502794175
0.3,0.3,0.7729166666666668,0.6545698667040717,0.165,0.0625,0.9930555555555556,0.5429166666666666,0.7828619960728251
0.5,0.37499999999999994,0.7999999999999999,0.7179419214590897,0.21249999999999997,0.095,0.9930555555555556,0.5225,0.7804166169004547
0.65,0.375,0.8395833333333333,0.7422837037801165,0.2075,0.08000000000000002,0.9861111111111112,0.5179166666666666,0.7864141263995987
0.8,0.3,0.7317857142857142,0.663021664088601,0.18250000000000005,0.0725,0.9861111111111112,0.5354166666666667,0.7864852539063435
0.95,0.365,0.825,0.732514026256107,0.2025,0.0925,1.0,0.5241666666666667,0.786021500179216
