completion_given_click_rate,precision@k,recall@k,ndcg@k,ctr,completion_rate,coverage,diversity,novelty
0.1,0.3666666666666667,0.7,0.6677644535216385,0.24,0.04,0.7,0.6055555555555555,0.4563453333871085
0.2,0.26666666666666666,0.44999999999999996,0.41677785198241635,0.2,0.06,0.775,0.6666666666666667,0.4799945766541393
0.4,0.36666666666666664,0.8,0.7285254147930436,0.22,0.1,0.75,0.6388888888888888,0.4652400624299261
0.6,0.43333333333333335,0.75,0.7200029864201178,0.28,0.18,0.8,0.5666666666666667,0.44808594414220926
0.8,0.3333333333333333,0.7,0.6419720789148187,0.2,0.18,0.7,0.6277777777777778,0.48285602482018253
0.95,0.36666666666666664,0.85,0.8226294385530917,0.24,0.2,0.7,0.6166666666666667,0.4792961289106772
